ProductName,Pic
Bubble Chain Choker Necklace,./necklaces/Bubble Chain Choker Necklace/1.jpg
Bubble Chain Choker Necklace,./necklaces/Bubble Chain Choker Necklace/2.jpg
Bubble Chain Choker Necklace,./necklaces/Bubble Chain Choker Necklace/3.jpg
Bubble Chain Choker Necklace,./necklaces/Bubble Chain Choker Necklace/4.jpg
Multi Layered Coin Pendant Necklace,./necklaces/Multi Layered Coin Pendant Necklace/1.jpg
Multi Layered Coin Pendant Necklace,./necklaces/Multi Layered Coin Pendant Necklace/2.jpg
Multi Layered Coin Pendant Necklace,./necklaces/Multi Layered Coin Pendant Necklace/3.jpg
Multi Layered Coin Pendant Necklace,./necklaces/Multi Layered Coin Pendant Necklace/4.jpg
Petal Pendant Layered Necklace,./necklaces/Petal Pendant Layered Necklace/1.jpg
Petal Pendant Layered Necklace,./necklaces/Petal Pendant Layered Necklace/2.jpg
Petal Pendant Layered Necklace,./necklaces/Petal Pendant Layered Necklace/3.jpg
Petal Pendant Layered Necklace,./necklaces/Petal Pendant Layered Necklace/4.jpg
Gold Beaded Chain Necklace,./necklaces/Gold Beaded Chain Necklace/1.jpg
Gold Beaded Chain Necklace,./necklaces/Gold Beaded Chain Necklace/2.jpg
Gold Beaded Chain Necklace,./necklaces/Gold Beaded Chain Necklace/3.jpg
Gold Beaded Chain Necklace,./necklaces/Gold Beaded Chain Necklace/4.jpg
Plain Chain Necklace,./necklaces/Plain Chain Necklace/1.jpg
Plain Chain Necklace,./necklaces/Plain Chain Necklace/2.jpg
Plain Chain Necklace,./necklaces/Plain Chain Necklace/3.jpg
Plain Chain Necklace,./necklaces/Plain Chain Necklace/4.jpg
Oval Layered Necklace,./necklaces/Oval Layered Necklace/1.jpg
Oval Layered Necklace,./necklaces/Oval Layered Necklace/2.jpg
Oval Layered Necklace,./necklaces/Oval Layered Necklace/3.jpg
Oval Layered Necklace,./necklaces/Oval Layered Necklace/4.jpg
Gold Rush Layered Necklace (14K),./necklaces/Gold Rush Layered Necklace (14K)/1.jpg
Gold Rush Layered Necklace (14K),./necklaces/Gold Rush Layered Necklace (14K)/2.jpg
Gold Rush Layered Necklace (14K),./necklaces/Gold Rush Layered Necklace (14K)/3.jpg
Gold Rush Layered Necklace (14K),./necklaces/Gold Rush Layered Necklace (14K)/4.jpg
Modern Mini Bar Necklace (14K),./necklaces/Modern Mini Bar Necklace (14K)/1.jpg
Modern Mini Bar Necklace (14K),./necklaces/Modern Mini Bar Necklace (14K)/2.jpg
Modern Mini Bar Necklace (14K),./necklaces/Modern Mini Bar Necklace (14K)/3.jpg
Modern Mini Bar Necklace (14K),./necklaces/Modern Mini Bar Necklace (14K)/4.jpg
Under the Sea Necklace (14K),./necklaces/Under the Sea Necklace (14K)/1.jpg
Under the Sea Necklace (14K),./necklaces/Under the Sea Necklace (14K)/2.jpg
Under the Sea Necklace (14K),./necklaces/Under the Sea Necklace (14K)/3.jpg
Under the Sea Necklace (14K),./necklaces/Under the Sea Necklace (14K)/4.jpg
Once Upon a Chain Necklace (14K),./necklaces/Once Upon a Chain Necklace (14K)/1.jpg
Once Upon a Chain Necklace (14K),./necklaces/Once Upon a Chain Necklace (14K)/2.jpg
Once Upon a Chain Necklace (14K),./necklaces/Once Upon a Chain Necklace (14K)/3.jpg
Once Upon a Chain Necklace (14K),./necklaces/Once Upon a Chain Necklace (14K)/4.jpg
Brightest in the Sky Necklace (14K),./necklaces/Brightest in the Sky Necklace (14K)/1.jpg
Brightest in the Sky Necklace (14K),./necklaces/Brightest in the Sky Necklace (14K)/2.jpg
Brightest in the Sky Necklace (14K),./necklaces/Brightest in the Sky Necklace (14K)/3.jpg
Brightest in the Sky Necklace (14K),./necklaces/Brightest in the Sky Necklace (14K)/4.jpg
One with the Sun Necklace (18K),./necklaces/One with the Sun Necklace (18K)/1.jpg
One with the Sun Necklace (18K),./necklaces/One with the Sun Necklace (18K)/2.jpg
One with the Sun Necklace (18K),./necklaces/One with the Sun Necklace (18K)/3.jpg
One with the Sun Necklace (18K),./necklaces/One with the Sun Necklace (18K)/4.jpg
Chain of Hearts Necklace (18K),./necklaces/Chain of Hearts Necklace (18K)/1.jpg
Chain of Hearts Necklace (18K),./necklaces/Chain of Hearts Necklace (18K)/2.jpg
Chain of Hearts Necklace (18K),./necklaces/Chain of Hearts Necklace (18K)/3.jpg
Chain of Hearts Necklace (18K),./necklaces/Chain of Hearts Necklace (18K)/4.jpg
Link Up Bracelet,./bracelets/Link Up Bracelet/1.jpg
Link Up Bracelet,./bracelets/Link Up Bracelet/2.jpg
Link Up Bracelet,./bracelets/Link Up Bracelet/3.jpg
Link Up Bracelet,./bracelets/Link Up Bracelet/4.jpg
Gold Twisted Cuff,./bracelets/Gold Twisted Cuff/1.jpg
Gold Twisted Cuff,./bracelets/Gold Twisted Cuff/2.jpg
Gold Twisted Cuff,./bracelets/Gold Twisted Cuff/3.jpg
Gold Twisted Cuff,./bracelets/Gold Twisted Cuff/4.jpg
Twister Cuff Bracelet,./bracelets/Twister Cuff Bracelet/1.jpg
Twister Cuff Bracelet,./bracelets/Twister Cuff Bracelet/2.jpg
Twister Cuff Bracelet,./bracelets/Twister Cuff Bracelet/3.jpg
Twister Cuff Bracelet,./bracelets/Twister Cuff Bracelet/4.jpg
Thick and Thin Chain Bracelet (14K),./bracelets/Thick and Thin Chain Bracelet (14K)/1.jpg
Thick and Thin Chain Bracelet (14K),./bracelets/Thick and Thin Chain Bracelet (14K)/2.jpg
Thick and Thin Chain Bracelet (14K),./bracelets/Thick and Thin Chain Bracelet (14K)/3.jpg
Thick and Thin Chain Bracelet (14K),./bracelets/Thick and Thin Chain Bracelet (14K)/4.jpg
Truly Together Bracelet (14K),./bracelets/Truly Together Bracelet (14K)/1.jpg
Truly Together Bracelet (14K),./bracelets/Truly Together Bracelet (14K)/2.jpg
Truly Together Bracelet (14K),./bracelets/Truly Together Bracelet (14K)/3.jpg
Truly Together Bracelet (14K),./bracelets/Truly Together Bracelet (14K)/4.jpg
Interconnect Triangular Bracelet,./bracelets/Interconnect Triangular Bracelet/1.jpg
Interconnect Triangular Bracelet,./bracelets/Interconnect Triangular Bracelet/2.jpg
Interconnect Triangular Bracelet,./bracelets/Interconnect Triangular Bracelet/3.jpg
Interconnect Triangular Bracelet,./bracelets/Interconnect Triangular Bracelet/4.jpg
Days Gone By Layered Bracelet (18K),./bracelets/Days Gone By Layered Bracelet (18K)/1.jpg
Days Gone By Layered Bracelet (18K),./bracelets/Days Gone By Layered Bracelet (18K)/2.jpg
Days Gone By Layered Bracelet (18K),./bracelets/Days Gone By Layered Bracelet (18K)/3.jpg
Days Gone By Layered Bracelet (18K),./bracelets/Days Gone By Layered Bracelet (18K)/4.jpg
Marquise Druzy Bracelet | Cosmic (14K),./bracelets/Marquise Druzy Bracelet - Cosmic (14K)/1.jpg
Marquise Druzy Bracelet | Cosmic (14K),./bracelets/Marquise Druzy Bracelet - Cosmic (14K)/2.jpg
Marquise Druzy Bracelet | Cosmic (14K),./bracelets/Marquise Druzy Bracelet - Cosmic (14K)/3.jpg
Marquise Druzy Bracelet | Cosmic (14K),./bracelets/Marquise Druzy Bracelet - Cosmic (14K)/4.jpg
Feathers Fly Bracelet (18K),./bracelets/Feathers Fly Bracelet (18K)/1.jpg
Feathers Fly Bracelet (18K),./bracelets/Feathers Fly Bracelet (18K)/2.jpg
Feathers Fly Bracelet (18K),./bracelets/Feathers Fly Bracelet (18K)/3.jpg
Feathers Fly Bracelet (18K),./bracelets/Feathers Fly Bracelet (18K)/4.jpg
Marquise Druzy Bracelet | Mystic (14K),./bracelets/Marquise Druzy Bracelet - Mystic (14K)/1.jpg
Marquise Druzy Bracelet | Mystic (14K),./bracelets/Marquise Druzy Bracelet - Mystic (14K)/2.jpg
Marquise Druzy Bracelet | Mystic (14K),./bracelets/Marquise Druzy Bracelet - Mystic (14K)/3.jpg
Marquise Druzy Bracelet | Mystic (14K),./bracelets/Marquise Druzy Bracelet - Mystic (14K)/4.jpg
Looking Sharp Diamond Bracelet (18K),./bracelets/Looking Sharp Diamond Bracelet (18K)/1.jpg
Looking Sharp Diamond Bracelet (18K),./bracelets/Looking Sharp Diamond Bracelet (18K)/2.jpg
Looking Sharp Diamond Bracelet (18K),./bracelets/Looking Sharp Diamond Bracelet (18K)/3.jpg
Looking Sharp Diamond Bracelet (18K),./bracelets/Looking Sharp Diamond Bracelet (18K)/4.jpg
Come Around Stone Bracelet (18K),./bracelets/Come Around Stone Bracelet (18K)/1.jpg
Come Around Stone Bracelet (18K),./bracelets/Come Around Stone Bracelet (18K)/2.jpg
Come Around Stone Bracelet (18K),./bracelets/Come Around Stone Bracelet (18K)/3.jpg
Come Around Stone Bracelet (18K),./bracelets/Come Around Stone Bracelet (18K)/4.jpg
Fearless Square Bracelet (18K),./bracelets/Fearless Square Bracelet (18K)/1.jpg
Fearless Square Bracelet (18K),./bracelets/Fearless Square Bracelet (18K)/2.jpg
Fearless Square Bracelet (18K),./bracelets/Fearless Square Bracelet (18K)/3.jpg
Fearless Square Bracelet (18K),./bracelets/Fearless Square Bracelet (18K)/4.jpg
Marquise Druzy Bracelet | Alabaster (14K),./bracelets/Marquise Druzy Bracelet - Alabaster (14K)/1.jpg
Marquise Druzy Bracelet | Alabaster (14K),./bracelets/Marquise Druzy Bracelet - Alabaster (14K)/2.jpg
Marquise Druzy Bracelet | Alabaster (14K),./bracelets/Marquise Druzy Bracelet - Alabaster (14K)/3.jpg
Marquise Druzy Bracelet | Alabaster (14K),./bracelets/Marquise Druzy Bracelet - Alabaster (14K)/4.jpg
Marquise Druzy Bracelet | Whimsical (14K),./bracelets/Marquise Druzy Bracelet - Whimsical (14K)/1.jpg
Marquise Druzy Bracelet | Whimsical (14K),./bracelets/Marquise Druzy Bracelet - Whimsical (14K)/2.jpg
Marquise Druzy Bracelet | Whimsical (14K),./bracelets/Marquise Druzy Bracelet - Whimsical (14K)/3.jpg
Marquise Druzy Bracelet | Whimsical (14K),./bracelets/Marquise Druzy Bracelet - Whimsical (14K)/4.jpg
Over the Moon Bracelet (18K),./bracelets/Over the Moon Bracelet (18K)/1.jpg
Over the Moon Bracelet (18K),./bracelets/Over the Moon Bracelet (18K)/2.jpg
Over the Moon Bracelet (18K),./bracelets/Over the Moon Bracelet (18K)/3.jpg
Over the Moon Bracelet (18K),./bracelets/Over the Moon Bracelet (18K)/4.jpg
Pearly Golds Bracelet (14K),./bracelets/Pearly Golds Bracelet (14K)/1.jpg
Pearly Golds Bracelet (14K),./bracelets/Pearly Golds Bracelet (14K)/2.jpg
Pearly Golds Bracelet (14K),./bracelets/Pearly Golds Bracelet (14K)/3.jpg
Pearly Golds Bracelet (14K),./bracelets/Pearly Golds Bracelet (14K)/4.jpg
Awaken Bead Bracelet | Blue (14K),./bracelets/Awaken Bead Bracelet - Blue (14K)/1.jpg
Awaken Bead Bracelet | Blue (14K),./bracelets/Awaken Bead Bracelet - Blue (14K)/2.jpg
Awaken Bead Bracelet | Blue (14K),./bracelets/Awaken Bead Bracelet - Blue (14K)/3.jpg
Awaken Bead Bracelet | Blue (14K),./bracelets/Awaken Bead Bracelet - Blue (14K)/4.jpg
Sea Life Bolo Bracelet (18K),./bracelets/Sea Life Bolo Bracelet (18K)/1.jpg
Sea Life Bolo Bracelet (18K),./bracelets/Sea Life Bolo Bracelet (18K)/2.jpg
Sea Life Bolo Bracelet (18K),./bracelets/Sea Life Bolo Bracelet (18K)/3.jpg
Sea Life Bolo Bracelet (18K),./bracelets/Sea Life Bolo Bracelet (18K)/4.jpg
Seed of Life Bolo Bracelet (18K),./bracelets/Seed of Life Bolo Bracelet (18K)/1.jpg
Seed of Life Bolo Bracelet (18K),./bracelets/Seed of Life Bolo Bracelet (18K)/2.jpg
Seed of Life Bolo Bracelet (18K),./bracelets/Seed of Life Bolo Bracelet (18K)/3.jpg
Seed of Life Bolo Bracelet (18K),./bracelets/Seed of Life Bolo Bracelet (18K)/4.jpg
Shape Of You Bracelet | White (18K),./bracelets/Shape Of You Bracelet - White (18K)/1.jpg
Shape Of You Bracelet | White (18K),./bracelets/Shape Of You Bracelet - White (18K)/2.jpg
Shape Of You Bracelet | White (18K),./bracelets/Shape Of You Bracelet - White (18K)/3.jpg
Shape Of You Bracelet | White (18K),./bracelets/Shape Of You Bracelet - White (18K)/4.jpg
Sovereign Gemstone Bracelet,./bracelets/Sovereign Gemstone Bracelet/1.jpg
Sovereign Gemstone Bracelet,./bracelets/Sovereign Gemstone Bracelet/2.jpg
Sovereign Gemstone Bracelet,./bracelets/Sovereign Gemstone Bracelet/3.jpg
Sovereign Gemstone Bracelet,./bracelets/Sovereign Gemstone Bracelet/4.jpg
Shape Of You Bracelet | Black (18K),./bracelets/Shape Of You Bracelet - Black (18K)/1.jpg
Shape Of You Bracelet | Black (18K),./bracelets/Shape Of You Bracelet - Black (18K)/2.jpg
Shape Of You Bracelet | Black (18K),./bracelets/Shape Of You Bracelet - Black (18K)/3.jpg
Shape Of You Bracelet | Black (18K),./bracelets/Shape Of You Bracelet - Black (18K)/4.jpg
Knot Your Average Cuff Bracelet,./bracelets/Knot Your Average Cuff Bracelet/1.jpg
Knot Your Average Cuff Bracelet,./bracelets/Knot Your Average Cuff Bracelet/2.jpg
Knot Your Average Cuff Bracelet,./bracelets/Knot Your Average Cuff Bracelet/3.jpg
Knot Your Average Cuff Bracelet,./bracelets/Knot Your Average Cuff Bracelet/4.jpg
Twisted Games Cuff Bracelet,./bracelets/Twisted Games Cuff Bracelet/1.jpg
Twisted Games Cuff Bracelet,./bracelets/Twisted Games Cuff Bracelet/2.jpg
Twisted Games Cuff Bracelet,./bracelets/Twisted Games Cuff Bracelet/3.jpg
Twisted Games Cuff Bracelet,./bracelets/Twisted Games Cuff Bracelet/4.jpg
Interconnect Triangular Bracelet,./bracelets/Interconnect Triangular Bracelet/1.jpg
Interconnect Triangular Bracelet,./bracelets/Interconnect Triangular Bracelet/1.jpg
Interconnect Triangular Bracelet,./bracelets/Interconnect Triangular Bracelet/2.jpg
Interconnect Triangular Bracelet,./bracelets/Interconnect Triangular Bracelet/3.jpg
Interconnect Triangular Bracelet,./bracelets/Interconnect Triangular Bracelet/4.jpg
Days Gone By Layered Bracelet (18K),./bracelets/Days Gone By Layered Bracelet (18K)/1.jpg
Days Gone By Layered Bracelet (18K),./bracelets/Days Gone By Layered Bracelet (18K)/2.jpg
Days Gone By Layered Bracelet (18K),./bracelets/Days Gone By Layered Bracelet (18K)/3.jpg
Days Gone By Layered Bracelet (18K),./bracelets/Days Gone By Layered Bracelet (18K)/4.jpg
Marquise Druzy Bracelet | Cosmic (14K),./bracelets/Marquise Druzy Bracelet - Cosmic (14K)/1.jpg
Marquise Druzy Bracelet | Cosmic (14K),./bracelets/Marquise Druzy Bracelet - Cosmic (14K)/2.jpg
Marquise Druzy Bracelet | Cosmic (14K),./bracelets/Marquise Druzy Bracelet - Cosmic (14K)/3.jpg
Marquise Druzy Bracelet | Cosmic (14K),./bracelets/Marquise Druzy Bracelet - Cosmic (14K)/4.jpg
Feathers Fly Bracelet (18K),./bracelets/Feathers Fly Bracelet (18K)/1.jpg
Feathers Fly Bracelet (18K),./bracelets/Feathers Fly Bracelet (18K)/2.jpg
Feathers Fly Bracelet (18K),./bracelets/Feathers Fly Bracelet (18K)/3.jpg
Feathers Fly Bracelet (18K),./bracelets/Feathers Fly Bracelet (18K)/4.jpg
Marquise Druzy Bracelet | Mystic (14K),./bracelets/Marquise Druzy Bracelet - Mystic (14K)/1.jpg
Marquise Druzy Bracelet | Mystic (14K),./bracelets/Marquise Druzy Bracelet - Mystic (14K)/2.jpg
Marquise Druzy Bracelet | Mystic (14K),./bracelets/Marquise Druzy Bracelet - Mystic (14K)/3.jpg
Marquise Druzy Bracelet | Mystic (14K),./bracelets/Marquise Druzy Bracelet - Mystic (14K)/4.jpg
Looking Sharp Diamond Bracelet (18K),./bracelets/Looking Sharp Diamond Bracelet (18K)/1.jpg
Looking Sharp Diamond Bracelet (18K),./bracelets/Looking Sharp Diamond Bracelet (18K)/2.jpg
Looking Sharp Diamond Bracelet (18K),./bracelets/Looking Sharp Diamond Bracelet (18K)/3.jpg
Looking Sharp Diamond Bracelet (18K),./bracelets/Looking Sharp Diamond Bracelet (18K)/4.jpg
Come Around Stone Bracelet (18K),./bracelets/Come Around Stone Bracelet (18K)/1.jpg
Come Around Stone Bracelet (18K),./bracelets/Come Around Stone Bracelet (18K)/2.jpg
Come Around Stone Bracelet (18K),./bracelets/Come Around Stone Bracelet (18K)/3.jpg
Come Around Stone Bracelet (18K),./bracelets/Come Around Stone Bracelet (18K)/4.jpg
Fearless Square Bracelet (18K),./bracelets/Fearless Square Bracelet (18K)/1.jpg
Fearless Square Bracelet (18K),./bracelets/Fearless Square Bracelet (18K)/2.jpg
Fearless Square Bracelet (18K),./bracelets/Fearless Square Bracelet (18K)/3.jpg
Fearless Square Bracelet (18K),./bracelets/Fearless Square Bracelet (18K)/4.jpg
Marquise Druzy Bracelet | Alabaster (14K),./bracelets/Marquise Druzy Bracelet - Alabaster (14K)/1.jpg
Marquise Druzy Bracelet | Alabaster (14K),./bracelets/Marquise Druzy Bracelet - Alabaster (14K)/2.jpg
Marquise Druzy Bracelet | Alabaster (14K),./bracelets/Marquise Druzy Bracelet - Alabaster (14K)/3.jpg
Marquise Druzy Bracelet | Alabaster (14K),./bracelets/Marquise Druzy Bracelet - Alabaster (14K)/4.jpg
Marquise Druzy Bracelet | Whimsical (14K),./bracelets/Marquise Druzy Bracelet - Whimsical (14K)/1.jpg
Marquise Druzy Bracelet | Whimsical (14K),./bracelets/Marquise Druzy Bracelet - Whimsical (14K)/2.jpg
Marquise Druzy Bracelet | Whimsical (14K),./bracelets/Marquise Druzy Bracelet - Whimsical (14K)/3.jpg
Marquise Druzy Bracelet | Whimsical (14K),./bracelets/Marquise Druzy Bracelet - Whimsical (14K)/4.jpg
Over the Moon Bracelet (18K),./bracelets/Over the Moon Bracelet (18K)/1.jpg
Over the Moon Bracelet (18K),./bracelets/Over the Moon Bracelet (18K)/2.jpg
Over the Moon Bracelet (18K),./bracelets/Over the Moon Bracelet (18K)/3.jpg
Over the Moon Bracelet (18K),./bracelets/Over the Moon Bracelet (18K)/4.jpg
Pearly Golds Bracelet (14K),./bracelets/Pearly Golds Bracelet (14K)/1.jpg
Pearly Golds Bracelet (14K),./bracelets/Pearly Golds Bracelet (14K)/2.jpg
Pearly Golds Bracelet (14K),./bracelets/Pearly Golds Bracelet (14K)/3.jpg
Pearly Golds Bracelet (14K),./bracelets/Pearly Golds Bracelet (14K)/4.jpg
Awaken Bead Bracelet | Blue (14K),./bracelets/Awaken Bead Bracelet - Blue (14K)/1.jpg
Awaken Bead Bracelet | Blue (14K),./bracelets/Awaken Bead Bracelet - Blue (14K)/2.jpg
Awaken Bead Bracelet | Blue (14K),./bracelets/Awaken Bead Bracelet - Blue (14K)/3.jpg
Awaken Bead Bracelet | Blue (14K),./bracelets/Awaken Bead Bracelet - Blue (14K)/4.jpg
Sea Life Bolo Bracelet (18K),./bracelets/Sea Life Bolo Bracelet (18K)/1.jpg
Sea Life Bolo Bracelet (18K),./bracelets/Sea Life Bolo Bracelet (18K)/2.jpg
Sea Life Bolo Bracelet (18K),./bracelets/Sea Life Bolo Bracelet (18K)/3.jpg
Sea Life Bolo Bracelet (18K),./bracelets/Sea Life Bolo Bracelet (18K)/4.jpg
Seed of Life Bolo Bracelet (18K),./bracelets/Seed of Life Bolo Bracelet (18K)/1.jpg
Seed of Life Bolo Bracelet (18K),./bracelets/Seed of Life Bolo Bracelet (18K)/2.jpg
Seed of Life Bolo Bracelet (18K),./bracelets/Seed of Life Bolo Bracelet (18K)/3.jpg
Seed of Life Bolo Bracelet (18K),./bracelets/Seed of Life Bolo Bracelet (18K)/4.jpg
Shape Of You Bracelet | White (18K),./bracelets/Shape Of You Bracelet - White (18K)/1.jpg
Shape Of You Bracelet | White (18K),./bracelets/Shape Of You Bracelet - White (18K)/2.jpg
Shape Of You Bracelet | White (18K),./bracelets/Shape Of You Bracelet - White (18K)/3.jpg
Shape Of You Bracelet | White (18K),./bracelets/Shape Of You Bracelet - White (18K)/4.jpg
Sovereign Gemstone Bracelet,./bracelets/Sovereign Gemstone Bracelet/1.jpg
Sovereign Gemstone Bracelet,./bracelets/Sovereign Gemstone Bracelet/2.jpg
Sovereign Gemstone Bracelet,./bracelets/Sovereign Gemstone Bracelet/3.jpg
Sovereign Gemstone Bracelet,./bracelets/Sovereign Gemstone Bracelet/4.jpg
Shape Of You Bracelet | Black (18K),./bracelets/Shape Of You Bracelet - Black (18K)/1.jpg
Shape Of You Bracelet | Black (18K),./bracelets/Shape Of You Bracelet - Black (18K)/2.jpg
Shape Of You Bracelet | Black (18K),./bracelets/Shape Of You Bracelet - Black (18K)/3.jpg
Shape Of You Bracelet | Black (18K),./bracelets/Shape Of You Bracelet - Black (18K)/4.jpg
Knot Your Average Cuff Bracelet,./bracelets/Knot Your Average Cuff Bracelet/1.jpg
Knot Your Average Cuff Bracelet,./bracelets/Knot Your Average Cuff Bracelet/2.jpg
Knot Your Average Cuff Bracelet,./bracelets/Knot Your Average Cuff Bracelet/3.jpg
Knot Your Average Cuff Bracelet,./bracelets/Knot Your Average Cuff Bracelet/4.jpg
Twisted Games Cuff Bracelet,./bracelets/Twisted Games Cuff Bracelet/1.jpg
Twisted Games Cuff Bracelet,./bracelets/Twisted Games Cuff Bracelet/2.jpg
Twisted Games Cuff Bracelet,./bracelets/Twisted Games Cuff Bracelet/3.jpg
Twisted Games Cuff Bracelet,./bracelets/Twisted Games Cuff Bracelet/4.jpg
